ticker,original_bias,trial,n_support_evidence,n_counter_evidence,evidence_pair,total_evidence,prompt,llm_output,llm_answer,prob_buy,prob_sell,delta_prob
AAPL,buy,0,2,2,"(2, 2)",4,"Refer to the evidence below to make a final investment decision for the given stock.
Stock Ticker: [AAPL]
Stock Name: [Apple Inc.]
--- Evidence ---

1. A pilot program for ""Apple Business Prime,"" a new enterprise-level subscription service bundling hardware leasing, dedicated support, and cloud services, has reportedly concluded with exceptionally high client retention rates in recent weeks. An accelerated global rollout could create a new, stable revenue stream, justifying a potential 5% increase in the share price based on revised long-term growth forecasts.
2. The gross margin for the high-growth Services segment contracted by 150 basis points last quarter to 71.3%, due to rising content and royalty costs. A revised discounted cash flow (DCF) model, which adjusts the long-term Services margin assumption downward by this 150 basis-point figure, results in a reduction of the calculated intrinsic stock value by 5%.
3. Recent discussions with major telecommunication partners in North America suggest a lower-than-anticipated subsidy commitment for the next iPhone cycle. This reduced carrier support could lead to higher upfront costs for consumers, potentially dampening upgrade rates and prompting a downward revision of sales forecasts, which could trigger a 5% decrease in the stock price.
4. Analysis of Apple's Services division indicates a gross margin expansion of 180 basis points over the last two quarters, from 71.0% to 72.8%, driven by a more favorable mix of high-margin advertising and App Store revenue. Projecting this new margin structure onto next year's consensus Services revenue forecast of $102 billion adds an incremental $1.84 billion in gross profit. Applying the company's historical price-to-gross-profit multiple of 8.5x suggests this margin surprise alone supports a valuation increase of approximately $15.6 billion, justifying a 5% increase in the stock price.
---
You must choose to buy or sell. Do not include ""hold"" as an option. Do not output any other text or explanation. Your response should be exactly one word: buy or sell.
Decision: ","{
  ""id"": ""o31ho3E-zqrih-95ef88cf5a3830cd"",
  ""object"": ""chat.completion"",
  ""created"": 1752480529,
  ""model"": ""deepseek-ai/DeepSeek-V3"",
  ""choices"": [
    {
      ""index"": 0,
      ""logprobs"": {
        ""tokens"": [
          ""buy""
        ],
        ""token_logprobs"": [
          -2.1457672e-06
        ],
        ""token_ids"": [
          56035
        ],
        ""top_logprobs"": [
          {
            ""buy"": -2.1457672e-06,
            ""Buy"": -14.25,
            ""sell"": -14.5,
            ""<\uff5cend\u2581of\u2581sentence\uff5c>"": -14.5,
            ""Decision"": -15.5
          }
        ]
      },
      ""seed"": 14307530305551735000,
      ""finish_reason"": ""length"",
      ""message"": {
        ""role"": ""assistant"",
        ""content"": ""buy"",
        ""tool_calls"": []
      }
    }
  ],
  ""prompt"": [],
  ""usage"": {
    ""prompt_tokens"": 423,
    ""completion_tokens"": 1,
    ""total_tokens"": 424,
    ""cached_tokens"": 0
  }
}",buy,6.475952175842209e-07,5.04347662567888e-07,1.432475550163329e-07
AAPL,buy,0,2,3,"(2, 3)",5,"Refer to the evidence below to make a final investment decision for the given stock.
Stock Ticker: [AAPL]
Stock Name: [Apple Inc.]
--- Evidence ---

1. Analysis of Apple's Services division indicates a gross margin expansion of 180 basis points over the last two quarters, from 71.0% to 72.8%, driven by a more favorable mix of high-margin advertising and App Store revenue. Projecting this new margin structure onto next year's consensus Services revenue forecast of $102 billion adds an incremental $1.84 billion in gross profit. Applying the company's historical price-to-gross-profit multiple of 8.5x suggests this margin surprise alone supports a valuation increase of approximately $15.6 billion, justifying a 5% increase in the stock price.
2. Recent discussions with major telecommunication partners in North America suggest a lower-than-anticipated subsidy commitment for the next iPhone cycle. This reduced carrier support could lead to higher upfront costs for consumers, potentially dampening upgrade rates and prompting a downward revision of sales forecasts, which could trigger a 5% decrease in the stock price.
3. The gross margin for the high-growth Services segment contracted by 150 basis points last quarter to 71.3%, due to rising content and royalty costs. A revised discounted cash flow (DCF) model, which adjusts the long-term Services margin assumption downward by this 150 basis-point figure, results in a reduction of the calculated intrinsic stock value by 5%.
4. Internal reports from supply chain partners suggest Apple has finalized an exclusive, multi-year agreement with a novel materials science firm for a proprietary, scratch-resistant cobalt-free battery casing. This development is expected to address long-standing durability concerns and improve manufacturing sustainability, factors which could lead to a modest 5% increase in the stock price as future hardware appeal is reassessed.
5. Analysis of the premium smartphone market (>$800) in key emerging economies reveals Apple's market share has eroded from 42% to 38% over the last two quarters. This 4-point decline is forecast to lower next year's earnings per share (EPS) by $0.25. Applying the stock's forward P/E ratio of 28x, this adjustment directly translates to a potential 5% decrease in the target stock price.
---
You must choose to buy or sell. Do not include ""hold"" as an option. Do not output any other text or explanation. Your response should be exactly one word: buy or sell.
Decision: ","{
  ""id"": ""o31hknX-zqrih-95ef889fda08d1db"",
  ""object"": ""chat.completion"",
  ""created"": 1752480522,
  ""model"": ""deepseek-ai/DeepSeek-V3"",
  ""choices"": [
    {
      ""index"": 0,
      ""logprobs"": {
        ""tokens"": [
          ""buy""
        ],
        ""token_logprobs"": [
          -0.038085938
        ],
        ""token_ids"": [
          56035
        ],
        ""top_logprobs"": [
          {
            ""buy"": -0.038085938,
            ""sell"": -3.28125,
            ""Buy"": -11.5625,
            ""["": -12.3125,
            ""[b"": -12.5625
          }
        ]
      },
      ""seed"": 6196977891317971000,
      ""finish_reason"": ""length"",
      ""message"": {
        ""role"": ""assistant"",
        ""content"": ""buy"",
        ""tool_calls"": []
      }
    }
  ],
  ""prompt"": [],
  ""usage"": {
    ""prompt_tokens"": 513,
    ""completion_tokens"": 1,
    ""total_tokens"": 514,
    ""cached_tokens"": 0
  }
}",buy,9.51634225407686e-06,0.037581250870997916,0.037571734528743836
AMAT,buy,0,2,2,"(2, 2)",4,"Refer to the evidence below to make a final investment decision for the given stock.
Stock Ticker: [AMAT]
Stock Name: [Applied Materials, Inc.]
--- Evidence ---

1. The company's services division, Applied Global Services (AGS), is exhibiting accelerating growth, with a 2-year subscription renewal rate of 94%, up from 87% in the prior year period. This increases the proportion of high-visibility, recurring revenue from 25% to a projected 29% of total revenue. A peer analysis shows that competitors with similar recurring revenue profiles trade at a 5% valuation premium to AMAT's current forward P/E ratio of 23.5x. A valuation re-rating to match this peer group would imply a 5% increase in the stock price.
2. The company's book-to-bill ratio declined to 0.97 in the most recent quarter, falling below the critical 1.0 level for the first time in two years and indicating that orders are slowing faster than shipments. A sustained ratio below 1.0 historically precedes a revenue growth deceleration of 6-7% for the company, which, when factored into our discounted cash flow (DCF) model, results in a 5% decrease in the stock's intrinsic value.
3. A recent channel check with a major memory manufacturer revealed the client's decision to multi-source a specific chemical vapor deposition (CVD) tool for its upcoming fab expansion, a tool for which Applied Materials has historically been the sole supplier. This strategic shift to de-risk their supply chain is expected to dilute Applied Materials' wallet share with this key account over the next fiscal year, creating a slight headwind for revenue growth and supporting a potential 5% price decrease.
4. Analysis of the semiconductor equipment market indicates Applied Materials is capturing 60% market share in the high-growth advanced wafer-level packaging segment, 8 percentage points higher than consensus estimates of 52%. This unanticipated market share gain is projected to add $1.5 billion in incremental revenue for the next fiscal year. Based on the company's 27% net profit margin, this translates to an additional $405 million in net income, boosting forward EPS by 5.8% and justifying a 5% price increase from current levels.
---
You must choose to buy or sell. Do not include ""hold"" as an option. Do not output any other text or explanation. Your response should be exactly one word: buy or sell.
Decision: ","{
  ""id"": ""o31hko2-zqrih-95ef88a00b71ea9b"",
  ""object"": ""chat.completion"",
  ""created"": 1752480522,
  ""model"": ""deepseek-ai/DeepSeek-V3"",
  ""choices"": [
    {
      ""index"": 0,
      ""logprobs"": {
        ""tokens"": [
          ""buy""
        ],
        ""token_logprobs"": [
          -5.9127808e-05
        ],
        ""token_ids"": [
          56035
        ],
        ""top_logprobs"": [
          {
            ""buy"": -5.9127808e-05,
            ""sell"": -10,
            ""Buy"": -11.5,
            ""<\uff5cend\u2581of\u2581sentence\uff5c>"": -13.5,
            ""**"": -14.25
          }
        ]
      },
      ""seed"": 2014091486904798700,
      ""finish_reason"": ""length"",
      ""message"": {
        ""role"": ""assistant"",
        ""content"": ""buy"",
        ""tool_calls"": []
      }
    }
  ],
  ""prompt"": [],
  ""usage"": {
    ""prompt_tokens"": 512,
    ""completion_tokens"": 1,
    ""total_tokens"": 513,
    ""cached_tokens"": 0
  }
}",buy,1.013009359863071e-05,4.5399929762484854e-05,3.5269836163854144e-05
AMAT,buy,0,2,3,"(2, 3)",5,"Refer to the evidence below to make a final investment decision for the given stock.
Stock Ticker: [AMAT]
Stock Name: [Applied Materials, Inc.]
--- Evidence ---

1. Channel checks suggest Applied Materials has secured a substantial, multi-year supply agreement with a major memory manufacturer for its upcoming 3D NAND fabrication facility. The deal is reportedly for AMAT's latest generation of etch and deposition tools, which have demonstrated superior wafer uniformity and yield in qualification testing. This strategic win in a competitive environment would secure a significant revenue stream over the next few fiscal years, and its confirmation is expected to drive a potential 5% increase in the stock price.
2. The company's book-to-bill ratio declined to 0.97 in the most recent quarter, falling below the critical 1.0 level for the first time in two years and indicating that orders are slowing faster than shipments. A sustained ratio below 1.0 historically precedes a revenue growth deceleration of 6-7% for the company, which, when factored into our discounted cash flow (DCF) model, results in a 5% decrease in the stock's intrinsic value.
3. Internal forecasts project a gross margin contraction of 140 basis points over the next two quarters, from 46.8% to 45.4%, driven by a 6% increase in specialized component costs that cannot be passed on to clients. Our earnings sensitivity model indicates this margin erosion will lower forward EPS estimates by 8.5%, directly warranting a 5% downward revision of our price target.
4. The company's services division, Applied Global Services (AGS), is exhibiting accelerating growth, with a 2-year subscription renewal rate of 94%, up from 87% in the prior year period. This increases the proportion of high-visibility, recurring revenue from 25% to a projected 29% of total revenue. A peer analysis shows that competitors with similar recurring revenue profiles trade at a 5% valuation premium to AMAT's current forward P/E ratio of 23.5x. A valuation re-rating to match this peer group would imply a 5% increase in the stock price.
5. An internal project review memo, referenced by an industry consultant, indicates that Applied Materials' next-generation gate-all-around (GAA) etch system is facing unforeseen plasma uniformity challenges. This issue is projected to delay qualification with a leading foundry partner by at least two quarters, risking the loss of initial high-volume orders to a key competitor. This development could moderately impact future market share in a critical technology transition, warranting a potential 5% price decrease.
---
You must choose to buy or sell. Do not include ""hold"" as an option. Do not output any other text or explanation. Your response should be exactly one word: buy or sell.
Decision: ","{
  ""id"": ""o31hmji-zqrih-95ef88b3ff41aa44"",
  ""object"": ""chat.completion"",
  ""created"": 1752480525,
  ""model"": ""deepseek-ai/DeepSeek-V3"",
  ""choices"": [
    {
      ""index"": 0,
      ""logprobs"": {
        ""tokens"": [
          ""buy""
        ],
        ""token_logprobs"": [
          -0.3125
        ],
        ""token_ids"": [
          56035
        ],
        ""top_logprobs"": [
          {
            ""buy"": -0.3125,
            ""sell"": -1.3125,
            ""hold"": -10.3125,
            ""S"": -10.5625,
            ""Buy"": -11.0625
          }
        ]
      },
      ""seed"": 2476829505783069700,
      ""finish_reason"": ""length"",
      ""message"": {
        ""role"": ""assistant"",
        ""content"": ""buy"",
        ""tool_calls"": []
      }
    }
  ],
  ""prompt"": [],
  ""usage"": {
    ""prompt_tokens"": 584,
    ""completion_tokens"": 1,
    ""total_tokens"": 585,
    ""cached_tokens"": 0
  }
}",buy,1.5689795893558925e-05,0.26914634872918386,0.2691306589332903
AMD,buy,0,2,2,"(2, 2)",4,"Refer to the evidence below to make a final investment decision for the given stock.
Stock Ticker: [AMD]
Stock Name: [Advanced Micro Devices, Inc.]
--- Evidence ---

1. A recent patent filing, coupled with channel checks, suggests AMD has developed a breakthrough in its proprietary chiplet interconnect technology. This new process, expected to debut in next year's server processors, reportedly lowers production costs and improves yields for complex, high-core-count CPUs. The resulting improvement in gross margin for the highly profitable data center segment is likely to drive higher earnings estimates, which could support a 5% price increase.
2. Internal analysis projects Data Center segment revenue for the upcoming quarter will grow 24% year-over-year, surpassing consensus estimates of 20%. This, combined with an anticipated 200 basis point expansion in segment operating margin to 32% due to a richer product mix, supports a revised forward earnings model that implies a 5% increase in the current stock price.
3. Competitive analysis of the Client Computing segment indicates that aggressive pricing from a primary rival will result in a 200 basis point operating margin contraction for AMD in the second half of the year. Our model forecasts this will reduce the consensus full-year earnings per share (EPS) estimate from $3.80 to $3.61, a reduction that directly supports a 5% decrease in the stock's valuation.
4. Recent channel checks indicate that a key memory supplier for AMD's AI-focused processors is experiencing significant fabrication yield issues. This supply chain bottleneck is expected to moderately constrain production of high-margin AI chips in the upcoming quarter, likely prompting a downward revision in revenue guidance and potentially causing a 5% decline in the share price.
---
You must choose to buy or sell. Do not include ""hold"" as an option. Do not output any other text or explanation. Your response should be exactly one word: buy or sell.
Decision: ","{
  ""id"": ""o31hmKg-28Eivz-95ef88a9ee44ea1b"",
  ""object"": ""chat.completion"",
  ""created"": 1752480524,
  ""model"": ""deepseek-ai/DeepSeek-V3"",
  ""choices"": [
    {
      ""index"": 0,
      ""logprobs"": {
        ""tokens"": [
          ""buy""
        ],
        ""token_logprobs"": [
          -0.018188477
        ],
        ""token_ids"": [
          56035
        ],
        ""top_logprobs"": [
          {
            ""buy"": -0.018188477,
            ""sell"": -4.03125,
            ""Buy"": -11.75,
            ""S"": -13.5,
            ""["": -14
          }
        ]
      },
      ""seed"": 39112217111601580,
      ""finish_reason"": ""length"",
      ""message"": {
        ""role"": ""assistant"",
        ""content"": ""buy"",
        ""tool_calls"": []
      }
    }
  ],
  ""prompt"": [],
  ""usage"": {
    ""prompt_tokens"": 391,
    ""completion_tokens"": 1,
    ""total_tokens"": 392,
    ""cached_tokens"": 0
  }
}",buy,7.889324827200223e-06,0.01775212592162854,0.01774423659680134
AMD,buy,0,2,3,"(2, 3)",5,"Refer to the evidence below to make a final investment decision for the given stock.
Stock Ticker: [AMD]
Stock Name: [Advanced Micro Devices, Inc.]
--- Evidence ---

1. Internal analysis projects Data Center segment revenue for the upcoming quarter will grow 24% year-over-year, surpassing consensus estimates of 20%. This, combined with an anticipated 200 basis point expansion in segment operating margin to 32% due to a richer product mix, supports a revised forward earnings model that implies a 5% increase in the current stock price.
2. Our supply chain analysis reveals that wafer costs from AMD's main foundry partner are set to increase by an unforecasted 8% over the next two quarters. Incorporating this higher input cost into our Discounted Cash Flow (DCF) model reduces our forward gross margin assumption by 125 basis points, leading to a 5% reduction in the calculated intrinsic value per share.
3. Recent channel checks indicate that a key memory supplier for AMD's AI-focused processors is experiencing significant fabrication yield issues. This supply chain bottleneck is expected to moderately constrain production of high-margin AI chips in the upcoming quarter, likely prompting a downward revision in revenue guidance and potentially causing a 5% decline in the share price.
4. Recent supply chain audits reveal that channel inventory for the Gaming segment has decreased by 15% over the past 60 days, significantly outpacing the 10% reduction anticipated by the market. This faster inventory normalization, coupled with an 8% sequential increase in forward orders from console partners, suggests a recovery that could add $0.10 to full-year EPS, warranting a 5% price increase based on the current forward P/E multiple.
5. An internal memo reviewed last week confirmed the unexpected departure of the chief architect for the next-generation data center GPU division. The resulting leadership vacuum and potential for a multi-quarter delay in the Instinct accelerator roadmap could lead to a slight loss of competitive positioning, creating enough investor uncertainty to drive a potential 5% decrease in the stock price.
---
You must choose to buy or sell. Do not include ""hold"" as an option. Do not output any other text or explanation. Your response should be exactly one word: buy or sell.
Decision: ","{
  ""id"": ""o31hkny-zqrih-95ef889fff5caa50"",
  ""object"": ""chat.completion"",
  ""created"": 1752480522,
  ""model"": ""deepseek-ai/DeepSeek-V3"",
  ""choices"": [
    {
      ""index"": 0,
      ""logprobs"": {
        ""tokens"": [
          ""buy""
        ],
        ""token_logprobs"": [
          -0.38671875
        ],
        ""token_ids"": [
          56035
        ],
        ""top_logprobs"": [
          {
            ""buy"": -0.38671875,
            ""sell"": -1.140625,
            ""S"": -9.625,
            ""["": -10.125,
            ""Buy"": -10.875
          }
        ]
      },
      ""seed"": 16602098746692164000,
      ""finish_reason"": ""length"",
      ""message"": {
        ""role"": ""assistant"",
        ""content"": ""buy"",
        ""tool_calls"": []
      }
    }
  ],
  ""prompt"": [],
  ""usage"": {
    ""prompt_tokens"": 463,
    ""completion_tokens"": 1,
    ""total_tokens"": 464,
    ""cached_tokens"": 0
  }
}",buy,1.892550641405186e-05,0.31961919737930994,0.3196002718728959
AVGO,buy,0,2,2,"(2, 2)",4,"Refer to the evidence below to make a final investment decision for the given stock.
Stock Ticker: [AVGO]
Stock Name: [Broadcom Inc.]
--- Evidence ---

1. Feedback from a recent internal sales summit indicates that the integration of the VMware salesforce is proceeding ahead of schedule, with cross-selling initiatives for Broadcom's mainframe and cybersecurity software into VMware's enterprise accounts exceeding initial quarterly targets. A memo from the head of software sales highlighted unexpected traction within the financial services vertical, suggesting faster-than-expected revenue synergies that could support a 5% upside to the current share price.
2. An internal project update from last quarter revealed that Broadcom's custom silicon division has successfully completed advanced trials for a new AI-focused networking chip with a top-tier, non-US cloud service provider. The successful pilot, which reportedly demonstrated significant performance-per-watt gains over existing solutions, is now moving to a multi-year supply agreement negotiation phase much earlier than anticipated, potentially justifying a 5% increase in the stock price.
3. Analysis of supply chain data indicates Broadcom's Semiconductor Solutions segment gross margin is expected to contract by 220 basis points over the next two quarters, from 71.5% to 69.3%, due to rising wafer fabrication costs. Our discounted cash flow (DCF) model, when updated to reflect this sustained margin pressure on 60% of the company's revenue, yields a revised fair value that is 5% below the current share price.
4. An internal review of Broadcom's infrastructure software group revealed that the integration of a recently acquired enterprise software portfolio is lagging. The report highlighted unforeseen complexities in unifying the sales channels and customer support systems, leading to a higher-than-anticipated customer churn rate. This operational friction is expected to delay projected synergies by at least three quarters, which could cause a 5% price decrease as investors adjust their valuation models.
---
You must choose to buy or sell. Do not include ""hold"" as an option. Do not output any other text or explanation. Your response should be exactly one word: buy or sell.
Decision: ","{
  ""id"": ""o31hmhz-zqrih-95ef88b35b5fe9fc"",
  ""object"": ""chat.completion"",
  ""created"": 1752480525,
  ""model"": ""deepseek-ai/DeepSeek-V3"",
  ""choices"": [
    {
      ""index"": 0,
      ""logprobs"": {
        ""tokens"": [
          ""buy""
        ],
        ""token_logprobs"": [
          -0.00020885468
        ],
        ""token_ids"": [
          56035
        ],
        ""top_logprobs"": [
          {
            ""buy"": -0.00020885468,
            ""sell"": -8.5,
            ""Buy"": -12.5,
            ""Decision"": -14,
            ""<\uff5cend\u2581of\u2581sentence\uff5c>"": -15.25
          }
        ]
      },
      ""seed"": 1112476565269157100,
      ""finish_reason"": ""length"",
      ""message"": {
        ""role"": ""assistant"",
        ""content"": ""buy"",
        ""tool_calls"": []
      }
    }
  ],
  ""prompt"": [],
  ""usage"": {
    ""prompt_tokens"": 433,
    ""completion_tokens"": 1,
    ""total_tokens"": 434,
    ""cached_tokens"": 0
  }
}",buy,3.726653172078671e-06,0.00020346836901064417,0.0001997417158385655
AVGO,buy,0,2,3,"(2, 3)",5,"Refer to the evidence below to make a final investment decision for the given stock.
Stock Ticker: [AVGO]
Stock Name: [Broadcom Inc.]
--- Evidence ---

1. Analysis of supply chain data indicates Broadcom's Semiconductor Solutions segment gross margin is expected to contract by 220 basis points over the next two quarters, from 71.5% to 69.3%, due to rising wafer fabrication costs. Our discounted cash flow (DCF) model, when updated to reflect this sustained margin pressure on 60% of the company's revenue, yields a revised fair value that is 5% below the current share price.
2. An internal project update from last quarter revealed that Broadcom's custom silicon division has successfully completed advanced trials for a new AI-focused networking chip with a top-tier, non-US cloud service provider. The successful pilot, which reportedly demonstrated significant performance-per-watt gains over existing solutions, is now moving to a multi-year supply agreement negotiation phase much earlier than anticipated, potentially justifying a 5% increase in the stock price.
3. Feedback from a recent internal sales summit indicates that the integration of the VMware salesforce is proceeding ahead of schedule, with cross-selling initiatives for Broadcom's mainframe and cybersecurity software into VMware's enterprise accounts exceeding initial quarterly targets. A memo from the head of software sales highlighted unexpected traction within the financial services vertical, suggesting faster-than-expected revenue synergies that could support a 5% upside to the current share price.
4. Consensus projects 10% year-over-year growth for the Infrastructure Software segment; however, our tracking of enterprise IT spending shows a deceleration, pointing to a 6% growth rate. This 4 percentage point growth shortfall in a segment that contributes 40% of total revenue lowers the company-wide growth forecast by 1.6%. A re-rating based on a lower growth-adjusted P/E multiple suggests a stock price decline of 5%.
5. An internal review of Broadcom's infrastructure software group revealed that the integration of a recently acquired enterprise software portfolio is lagging. The report highlighted unforeseen complexities in unifying the sales channels and customer support systems, leading to a higher-than-anticipated customer churn rate. This operational friction is expected to delay projected synergies by at least three quarters, which could cause a 5% price decrease as investors adjust their valuation models.
---
You must choose to buy or sell. Do not include ""hold"" as an option. Do not output any other text or explanation. Your response should be exactly one word: buy or sell.
Decision: ","{
  ""id"": ""o31hknr-zqrih-95ef88a00ae8ea14"",
  ""object"": ""chat.completion"",
  ""created"": 1752480522,
  ""model"": ""deepseek-ai/DeepSeek-V3"",
  ""choices"": [
    {
      ""index"": 0,
      ""logprobs"": {
        ""tokens"": [
          ""buy""
        ],
        ""token_logprobs"": [
          -0.0009384155
        ],
        ""token_ids"": [
          56035
        ],
        ""top_logprobs"": [
          {
            ""buy"": -0.0009384155,
            ""sell"": -7,
            ""Buy"": -10.75,
            ""["": -13.75,
            ""<\uff5cend\u2581of\u2581sentence\uff5c>"": -14
          }
        ]
      },
      ""seed"": 17316136501128204000,
      ""finish_reason"": ""length"",
      ""message"": {
        ""role"": ""assistant"",
        ""content"": ""buy"",
        ""tool_calls"": []
      }
    }
  ],
  ""prompt"": [],
  ""usage"": {
    ""prompt_tokens"": 525,
    ""completion_tokens"": 1,
    ""total_tokens"": 526,
    ""cached_tokens"": 0
  }
}",buy,2.1445408316589164e-05,0.0009118819655545162,0.0008904365572379271
CRM,buy,0,2,2,"(2, 2)",4,"Refer to the evidence below to make a final investment decision for the given stock.
Stock Ticker: [CRM]
Stock Name: [Salesforce, Inc.]
--- Evidence ---

1. Management's updated guidance includes a targeted 150 basis point improvement in non-GAAP operating margin over the next four quarters, driven by a 4% reduction in sales and marketing expenses as a percentage of revenue. This efficiency gain revises our forward earnings per share (EPS) estimate from $9.80 to $10.29. Applying the stock's current forward P/E multiple of 24x to this higher EPS figure supports a 5% increase in the stock price.
2. Analysis of Salesforce's competitive positioning shows its market share in the enterprise CRM segment has eroded by 60 basis points in the last six months, from 33.5% to 32.9%. This has led to a revision of the company's forward revenue growth forecast from 11.0% to 9.8%. A discounted cash flow (DCF) model recalibrated with this 1.2 percentage point reduction in long-term growth suggests the stock's intrinsic value is over-stated, implying a potential 5% price decrease.
3. An internal pilot program, ""Project Infinity,"" focused on using proprietary generative AI to automate code generation for custom app development on the AppExchange, has successfully concluded. Leaked preliminary results show a significant reduction in development time for third-party partners. A company-wide rollout is anticipated, and the resulting ecosystem acceleration and enhanced platform value could drive positive sentiment, potentially leading to a 5% increase in the stock price.
4. A leaked roadmap from a recent internal product strategy meeting indicates a significant delay, estimated at two to three quarters, for the full integration of a recently acquired AI-powered data analytics platform. This pushes back the launch of a highly anticipated predictive feature set for the Marketing Cloud, which was expected to be a major growth driver. The market's recalibration of near-term revenue expectations from this synergy could trigger a slight 5% price decrease.
---
You must choose to buy or sell. Do not include ""hold"" as an option. Do not output any other text or explanation. Your response should be exactly one word: buy or sell.
Decision: ","{
  ""id"": ""o31hko8-zqrih-95ef88a00f0430dc"",
  ""object"": ""chat.completion"",
  ""created"": 1752480522,
  ""model"": ""deepseek-ai/DeepSeek-V3"",
  ""choices"": [
    {
      ""index"": 0,
      ""logprobs"": {
        ""tokens"": [
          ""buy""
        ],
        ""token_logprobs"": [
          -0.00033950806
        ],
        ""token_ids"": [
          56035
        ],
        ""top_logprobs"": [
          {
            ""buy"": -0.00033950806,
            ""sell"": -8,
            ""Buy"": -12.75,
            ""["": -14.25,
            ""<\uff5cend\u2581of\u2581sentence\uff5c>"": -15
          }
        ]
      },
      ""seed"": 13815874826597765000,
      ""finish_reason"": ""length"",
      ""message"": {
        ""role"": ""assistant"",
        ""content"": ""buy"",
        ""tool_calls"": []
      }
    }
  ],
  ""prompt"": [],
  ""usage"": {
    ""prompt_tokens"": 465,
    ""completion_tokens"": 1,
    ""total_tokens"": 466,
    ""cached_tokens"": 0
  }
}",buy,2.902320408650404e-06,0.00033546262790251185,0.00033256030749386146
CRM,buy,0,2,3,"(2, 3)",5,"Refer to the evidence below to make a final investment decision for the given stock.
Stock Ticker: [CRM]
Stock Name: [Salesforce, Inc.]
--- Evidence ---

1. Analysis of Salesforce's competitive positioning shows its market share in the enterprise CRM segment has eroded by 60 basis points in the last six months, from 33.5% to 32.9%. This has led to a revision of the company's forward revenue growth forecast from 11.0% to 9.8%. A discounted cash flow (DCF) model recalibrated with this 1.2 percentage point reduction in long-term growth suggests the stock's intrinsic value is over-stated, implying a potential 5% price decrease.
2. Salesforce is reportedly in the final stages of a strategic partnership with a leading European automotive consortium to integrate its Net Zero Cloud across their entire supply chain. This initiative, aimed at standardizing sustainability tracking, is expected to be announced next quarter and could serve as a major foothold in the industrial sector, with the potential market reaction to this new vertical expansion supporting a 5% increase in the stock price.
3. Management's updated guidance includes a targeted 150 basis point improvement in non-GAAP operating margin over the next four quarters, driven by a 4% reduction in sales and marketing expenses as a percentage of revenue. This efficiency gain revises our forward earnings per share (EPS) estimate from $9.80 to $10.29. Applying the stock's current forward P/E multiple of 24x to this higher EPS figure supports a 5% increase in the stock price.
4. Internal channel checks suggest a notable increase in customer churn within Salesforce's core Sales Cloud product, particularly among small and medium-sized businesses in the EMEA region. This trend appears to be driven by a new, aggressively priced competitor that launched its integrated suite last quarter. The potential for margin compression as Salesforce is forced to offer discounts to retain customers could lead to a modest 5% price decrease.
5. A leaked roadmap from a recent internal product strategy meeting indicates a significant delay, estimated at two to three quarters, for the full integration of a recently acquired AI-powered data analytics platform. This pushes back the launch of a highly anticipated predictive feature set for the Marketing Cloud, which was expected to be a major growth driver. The market's recalibration of near-term revenue expectations from this synergy could trigger a slight 5% price decrease.
---
You must choose to buy or sell. Do not include ""hold"" as an option. Do not output any other text or explanation. Your response should be exactly one word: buy or sell.
Decision: ","{
  ""id"": ""o31hmio-zqrih-95ef88b38e043121"",
  ""object"": ""chat.completion"",
  ""created"": 1752480525,
  ""model"": ""deepseek-ai/DeepSeek-V3"",
  ""choices"": [
    {
      ""index"": 0,
      ""logprobs"": {
        ""tokens"": [
          ""buy""
        ],
        ""token_logprobs"": [
          -0.69140625
        ],
        ""token_ids"": [
          56035
        ],
        ""top_logprobs"": [
          {
            ""buy"": -0.69140625,
            ""sell"": -0.69140625,
            ""S"": -11.1875,
            ""Buy"": -11.6875,
            ""["": -13.4375
          }
        ]
      },
      ""seed"": 12901826581315211000,
      ""finish_reason"": ""length"",
      ""message"": {
        ""role"": ""assistant"",
        ""content"": ""buy"",
        ""tool_calls"": []
      }
    }
  ],
  ""prompt"": [],
  ""usage"": {
    ""prompt_tokens"": 544,
    ""completion_tokens"": 1,
    ""total_tokens"": 545,
    ""cached_tokens"": 0
  }
}",buy,8.398142563157736e-06,0.5008712234296745,0.5008628252871113
CSCO,buy,0,2,2,"(2, 2)",4,"Refer to the evidence below to make a final investment decision for the given stock.
Stock Ticker: [CSCO]
Stock Name: [Cisco Systems, Inc.]
--- Evidence ---

1. The company recently announced an internal delay of its next-generation Secure Access Service Edge (SASE) platform by two quarters, citing unexpected difficulties in integrating core technologies from a recent acquisition. This setback postpones a key catalyst for its software subscription growth and gives competitors a wider window to capture market share, prompting concerns that could lead to a 5% price decrease as analysts revise their near-term revenue models.
2. A leaked internal memo from one of Cisco's largest cloud service provider clients last quarter revealed a strategic initiative to replace up to 30% of its data center hardware with proprietary, internally-developed solutions over the next 18 months. This potential loss of a high-margin recurring revenue stream from a key account has created uncertainty about the company's long-term growth in the hyperscaler market, which could justify a 5% price decrease.
3. Projections for the next fiscal year show Cisco's software and subscription revenue will reach 48% of total revenue, an increase from 43% in the prior year. This revenue mix shift is expected to expand corporate non-GAAP operating margins by 120 basis points to 35.2%, supporting a discounted cash flow (DCF) model that indicates a 5% upside to the current share price.
4. Third-party market analysis from the most recent quarter reveals Cisco's market share in the 800G data center switching segment increased by 300 basis points to 41%. This gain is projected to contribute an additional $750 million in revenue over the next twelve months versus prior forecasts, which, when capitalized at the company's historical price-to-sales multiple, justifies a 5% increase in the stock's valuation.
---
You must choose to buy or sell. Do not include ""hold"" as an option. Do not output any other text or explanation. Your response should be exactly one word: buy or sell.
Decision: ","{
  ""id"": ""o31hkng-zqrih-95ef889ffe2fea9f"",
  ""object"": ""chat.completion"",
  ""created"": 1752480522,
  ""model"": ""deepseek-ai/DeepSeek-V3"",
  ""choices"": [
    {
      ""index"": 0,
      ""logprobs"": {
        ""tokens"": [
          ""buy""
        ],
        ""token_logprobs"": [
          -0.014160156
        ],
        ""token_ids"": [
          56035
        ],
        ""top_logprobs"": [
          {
            ""buy"": -0.014160156,
            ""sell"": -4.25,
            ""Buy"": -11.25,
            ""bu"": -13,
            ""hold"": -13
          }
        ]
      },
      ""seed"": 5972536617420681000,
      ""finish_reason"": ""length"",
      ""message"": {
        ""role"": ""assistant"",
        ""content"": ""buy"",
        ""tool_calls"": []
      }
    }
  ],
  ""prompt"": [],
  ""usage"": {
    ""prompt_tokens"": 423,
    ""completion_tokens"": 1,
    ""total_tokens"": 424,
    ""cached_tokens"": 0
  }
}",buy,1.300729765406762e-05,0.014264233908999256,0.014251226611345189
CSCO,buy,0,2,3,"(2, 3)",5,"Refer to the evidence below to make a final investment decision for the given stock.
Stock Ticker: [CSCO]
Stock Name: [Cisco Systems, Inc.]
--- Evidence ---

1. A leaked internal memo from one of Cisco's largest cloud service provider clients last quarter revealed a strategic initiative to replace up to 30% of its data center hardware with proprietary, internally-developed solutions over the next 18 months. This potential loss of a high-margin recurring revenue stream from a key account has created uncertainty about the company's long-term growth in the hyperscaler market, which could justify a 5% price decrease.
2. Company guidance for its software and subscription business, a key growth driver, projects a deceleration in Annualized Recurring Revenue (ARR) growth to 7% year-over-year, down from 11% in the prior year and missing analyst consensus of 9.5%. A discounted cash flow (DCF) model sensitivity analysis shows that lowering the terminal growth rate assumption to reflect this slower transition to recurring revenue reduces the intrinsic value per share by $2.45, implying a 5% decrease from its current trading level.
3. Analysis of Cisco's supply chain and competitive landscape indicates that gross margins in its core ""Networking"" hardware segment are expected to contract by 120 basis points over the next two quarters due to increased pricing pressure from Arista Networks and Juniper Networks. This compression is projected to lower Cisco's overall GAAP net income by $450 million, which, when applying the company's historical price-to-earnings ratio of 13.5x, justifies a downward stock price revision of 5%.
4. Projections for the next fiscal year show Cisco's software and subscription revenue will reach 48% of total revenue, an increase from 43% in the prior year. This revenue mix shift is expected to expand corporate non-GAAP operating margins by 120 basis points to 35.2%, supporting a discounted cash flow (DCF) model that indicates a 5% upside to the current share price.
5. An internal memo leaked late last quarter detailed a new strategic partnership with a leading automotive technology firm to develop a next-generation networking and security platform for autonomous vehicles. This initiative is expected to open up a significant new market vertical for Cisco's IoT division, and initial analyst reactions suggest this could add a modest 5% to the stock price as future revenue streams are modeled.
---
You must choose to buy or sell. Do not include ""hold"" as an option. Do not output any other text or explanation. Your response should be exactly one word: buy or sell.
Decision: ","{
  ""id"": ""o31hmgr-zqrih-95ef88b2d9c9aa5f"",
  ""object"": ""chat.completion"",
  ""created"": 1752480525,
  ""model"": ""deepseek-ai/DeepSeek-V3"",
  ""choices"": [
    {
      ""index"": 0,
      ""logprobs"": {
        ""tokens"": [
          ""sell""
        ],
        ""token_logprobs"": [
          -0.06201172
        ],
        ""token_ids"": [
          121101
        ],
        ""top_logprobs"": [
          {
            ""sell"": -0.06201172,
            ""buy"": -2.8125,
            ""S"": -9.0625,
            ""Buy"": -11.8125,
            ""["": -12.5625
          }
        ]
      },
      ""seed"": 12737191013376227000,
      ""finish_reason"": ""length"",
      ""message"": {
        ""role"": ""assistant"",
        ""content"": ""sell"",
        ""tool_calls"": []
      }
    }
  ],
  ""prompt"": [],
  ""usage"": {
    ""prompt_tokens"": 541,
    ""completion_tokens"": 1,
    ""total_tokens"": 542,
    ""cached_tokens"": 0
  }
}",sell,7.411334799450557e-06,0.9398718714282059,0.9398644600934065
INTU,buy,0,2,2,"(2, 2)",4,"Refer to the evidence below to make a final investment decision for the given stock.
Stock Ticker: [INTU]
Stock Name: [Intuit Inc.]
--- Evidence ---

1. Internal analysis of the Small Business & Self-Employed segment shows a deceleration in customer acquisition, with projected net subscriber additions for the next quarter revised down to 160,000 from a prior estimate of 210,000. This is coupled with a projected increase in customer churn from 2.1% to 2.8% due to heightened competition. Adjusting our discounted cash flow model for this lower lifetime value per customer reduces our fair value estimate, indicating a potential 5% downside from the current price.
2. Intuit has finalized a multi-year exclusive partnership agreement with leading e-commerce platform 'ShopSphere', set to be announced in the upcoming earnings call. The integration will embed Mailchimp as the platform's preferred marketing solution for its millions of merchants, which is projected to accelerate subscriber growth and could contribute to a 5% increase in the share price as the market digests the long-term revenue synergy.
3. A recent internal report on the limited beta launch of 'QuickBooks AI Forecaster' revealed user engagement rates 30% higher than initial projections. The positive reception and strong pre-registration numbers for the premium tier suggest a modest uplift in average revenue per user, which could justify a 5% increase in the stock price upon its full rollout next quarter.
4. An internal memo from the product development team last quarter indicated that the initial rollout of a new AI-driven expense management feature within QuickBooks has faced significant technical challenges. The memo detailed higher-than-expected integration costs and negative feedback from a key enterprise partner pilot, suggesting a potential delay in wider monetization. This setback could temper near-term growth forecasts, potentially leading to a 5% decrease in the stock price.
---
You must choose to buy or sell. Do not include ""hold"" as an option. Do not output any other text or explanation. Your response should be exactly one word: buy or sell.
Decision: ","{
  ""id"": ""o31hkrj-28Eivz-95ef88a01bdeea2c"",
  ""object"": ""chat.completion"",
  ""created"": 1752480522,
  ""model"": ""deepseek-ai/DeepSeek-V3"",
  ""choices"": [
    {
      ""index"": 0,
      ""logprobs"": {
        ""tokens"": [
          ""buy""
        ],
        ""token_logprobs"": [
          -4.005432e-05
        ],
        ""token_ids"": [
          56035
        ],
        ""top_logprobs"": [
          {
            ""buy"": -4.005432e-05,
            ""sell"": -10.75,
            ""Buy"": -11.5,
            ""Decision"": -12.25,
            ""```"": -13.75
          }
        ]
      },
      ""seed"": 4266899548229805600,
      ""finish_reason"": ""length"",
      ""message"": {
        ""role"": ""assistant"",
        ""content"": ""buy"",
        ""tool_calls"": []
      }
    }
  ],
  ""prompt"": [],
  ""usage"": {
    ""prompt_tokens"": 429,
    ""completion_tokens"": 1,
    ""total_tokens"": 430,
    ""cached_tokens"": 0
  }
}",buy,1.013009359863071e-05,2.1445408316589164e-05,1.1315314717958453e-05
INTU,buy,0,2,3,"(2, 3)",5,"Refer to the evidence below to make a final investment decision for the given stock.
Stock Ticker: [INTU]
Stock Name: [Intuit Inc.]
--- Evidence ---

1. Internal analysis of the Small Business & Self-Employed segment shows a deceleration in customer acquisition, with projected net subscriber additions for the next quarter revised down to 160,000 from a prior estimate of 210,000. This is coupled with a projected increase in customer churn from 2.1% to 2.8% due to heightened competition. Adjusting our discounted cash flow model for this lower lifetime value per customer reduces our fair value estimate, indicating a potential 5% downside from the current price.
2. Intuit's free cash flow (FCF) conversion from net income has improved to 115% over the last two quarters, up from the historical average of 108%, due to disciplined capital expenditure and improved working capital management. This sustained efficiency improvement boosts our projected full-year unlevered FCF by $600 million. A discounted cash flow (DCF) model updated with this higher cash flow generation capacity results in a fair value estimate that is 5% above the current market price.
3. A recent channel check with several large accounting firms, who are major resellers of Intuit's professional tax software, revealed a growing preference for a competitor's newly launched cloud-native platform. These firms cited superior multi-user collaboration features and more flexible pricing, which could lead to a modest erosion of Intuit's professional market share over the next two fiscal years and contribute to a 5% price decrease as market sentiment adjusts.
4. Our analysis of the Small Business and Self-Employed Group (SBSEG) indicates total online ecosystem revenue growth will reach 19% in the next quarterly report, exceeding consensus estimates of 16.5%. This is driven by a stronger-than-expected 7% increase in Average Revenue Per Customer (ARPC) from successful cross-selling of payroll and payment solutions. Factoring this incremental high-margin revenue into our earnings model increases our full-year EPS forecast by $0.52, which, when capitalized at the stock's current forward P/E multiple of 34x, supports a 5% increase in the share price.
5. An internal memo from the product development team last quarter indicated that the initial rollout of a new AI-driven expense management feature within QuickBooks has faced significant technical challenges. The memo detailed higher-than-expected integration costs and negative feedback from a key enterprise partner pilot, suggesting a potential delay in wider monetization. This setback could temper near-term growth forecasts, potentially leading to a 5% decrease in the stock price.
---
You must choose to buy or sell. Do not include ""hold"" as an option. Do not output any other text or explanation. Your response should be exactly one word: buy or sell.
Decision: ","{
  ""id"": ""o31hmC6-28Eivz-95ef88a84a3aaa48"",
  ""object"": ""chat.completion"",
  ""created"": 1752480523,
  ""model"": ""deepseek-ai/DeepSeek-V3"",
  ""choices"": [
    {
      ""index"": 0,
      ""logprobs"": {
        ""tokens"": [
          ""buy""
        ],
        ""token_logprobs"": [
          -0.038085938
        ],
        ""token_ids"": [
          56035
        ],
        ""top_logprobs"": [
          {
            ""buy"": -0.038085938,
            ""sell"": -3.28125,
            ""Buy"": -10.8125,
            ""S"": -11.3125,
            ""hold"": -11.8125
          }
        ]
      },
      ""seed"": 14264204747759368000,
      ""finish_reason"": ""length"",
      ""message"": {
        ""role"": ""assistant"",
        ""content"": ""buy"",
        ""tool_calls"": []
      }
    }
  ],
  ""prompt"": [],
  ""usage"": {
    ""prompt_tokens"": 591,
    ""completion_tokens"": 1,
    ""total_tokens"": 592,
    ""cached_tokens"": 0
  }
}",buy,2.014609670997261e-05,0.037581250870997916,0.037561104774287944
MSFT,buy,0,2,2,"(2, 2)",4,"Refer to the evidence below to make a final investment decision for the given stock.
Stock Ticker: [MSFT]
Stock Name: [Microsoft Corporation]
--- Evidence ---

1. Internal sources suggest an imminent announcement of ""Azure Quantum Leap,"" a new enterprise-focused quantum computing service. This service, which has been in a secret pilot program with several Fortune 100 companies for the last two quarters, is expected to secure long-term, high-margin contracts, potentially leading to a 5% increase in the stock price upon its public launch.
2. Analysis of the forward Price-to-Sales (P/S) multiple indicates a valuation risk. Microsoft currently trades at a forward P/S of 13.2x, while our growth-adjusted peer analysis suggests a more appropriate multiple is 12.54x, given the revised forecast for enterprise software spending growth slowing from 14% to 11% in the next fiscal year. This valuation discrepancy points to a potential stock price correction of 5%.
3. A detailed review of the Intelligent Cloud segment's cost structure reveals that higher-than-anticipated capital expenditures for next-generation AI data centers are projected to compress the segment's operating margin by 75 basis points in the upcoming fiscal year. Our DCF model, updated with this lower margin profile, reduces the company's per-share intrinsic value from $450 to $427.50, implying a 5% downside from the current price.
4. The successful rollout of AI Copilot services is projected to expand the company-wide operating margin by 80 basis points over the next four quarters, an improvement from the previous forecast of 50 basis points. Incorporating this enhanced profitability into our discounted cash flow (DCF) model, holding other assumptions constant, raises our intrinsic value estimate and indicates a potential 5% increase in the stock price.
---
You must choose to buy or sell. Do not include ""hold"" as an option. Do not output any other text or explanation. Your response should be exactly one word: buy or sell.
Decision: ","{
  ""id"": ""o31hkoB-zqrih-95ef88a01f67c449"",
  ""object"": ""chat.completion"",
  ""created"": 1752480522,
  ""model"": ""deepseek-ai/DeepSeek-V3"",
  ""choices"": [
    {
      ""index"": 0,
      ""logprobs"": {
        ""tokens"": [
          ""buy""
        ],
        ""token_logprobs"": [
          -0.0015106201
        ],
        ""token_ids"": [
          56035
        ],
        ""top_logprobs"": [
          {
            ""buy"": -0.0015106201,
            ""sell"": -6.5,
            ""Buy"": -12.75,
            ""["": -14,
            ""<\uff5cend\u2581of\u2581sentence\uff5c>"": -14.5
          }
        ]
      },
      ""seed"": 15344437871588606000,
      ""finish_reason"": ""length"",
      ""message"": {
        ""role"": ""assistant"",
        ""content"": ""buy"",
        ""tool_calls"": []
      }
    }
  ],
  ""prompt"": [],
  ""usage"": {
    ""prompt_tokens"": 414,
    ""completion_tokens"": 1,
    ""total_tokens"": 415,
    ""cached_tokens"": 0
  }
}",buy,2.902320408650404e-06,0.0015034391929775724,0.0015005368725689219
MSFT,buy,0,2,3,"(2, 3)",5,"Refer to the evidence below to make a final investment decision for the given stock.
Stock Ticker: [MSFT]
Stock Name: [Microsoft Corporation]
--- Evidence ---

1. Analysis of the forward Price-to-Sales (P/S) multiple indicates a valuation risk. Microsoft currently trades at a forward P/S of 13.2x, while our growth-adjusted peer analysis suggests a more appropriate multiple is 12.54x, given the revised forecast for enterprise software spending growth slowing from 14% to 11% in the next fiscal year. This valuation discrepancy points to a potential stock price correction of 5%.
2. A recent internal memo outlines a strategic partnership with a major global consumer electronics firm to embed a specialized version of Microsoft 365 Copilot into their upcoming line of smart home and productivity devices. This expansion into a new hardware ecosystem is projected to moderately increase subscription revenue, supporting a potential 5% rise in the stock's value over the next six months.
3. Internal reports from last quarter indicate a significant architectural flaw was discovered in a core component of the Azure Quantum computing platform, leading to a quiet suspension of several key pilot programs with major corporate partners. The necessary remediation is projected to delay the platform's commercial rollout by at least three quarters, which could cause a reassessment of the company's long-term growth premium and lead to a 5% price decrease.
4. A confidential market analysis recently circulated among senior leadership reveals that the adoption rate for the premium-tier Microsoft 365 Copilot subscriptions among mid-sized businesses is tracking moderately below initial forecasts. The report cites price sensitivity and the perceived value of competing AI productivity tools as primary headwinds, creating concern over the monetization potential of this key initiative and plausibly triggering a 5% price decrease.
5. Analysis of Microsoft's projected free cash flow (FCF) for the next fiscal year points to a forward FCF yield of 2.46%, based on an anticipated 12% year-over-year FCF growth. Valuing the company based on its 3-year average forward FCF yield of 2.34% suggests the stock is currently undervalued and supports a 5% price increase to reach this historical valuation benchmark.
---
You must choose to buy or sell. Do not include ""hold"" as an option. Do not output any other text or explanation. Your response should be exactly one word: buy or sell.
Decision: ","{
  ""id"": ""o31hmmQ-zqrih-95ef88b4886a30af"",
  ""object"": ""chat.completion"",
  ""created"": 1752480525,
  ""model"": ""deepseek-ai/DeepSeek-V3"",
  ""choices"": [
    {
      ""index"": 0,
      ""logprobs"": {
        ""tokens"": [
          ""buy""
        ],
        ""token_logprobs"": [
          -0.100097656
        ],
        ""token_ids"": [
          56035
        ],
        ""top_logprobs"": [
          {
            ""buy"": -0.100097656,
            ""sell"": -2.34375,
            ""Buy"": -11.875,
            ""hold"": -11.875,
            ""S"": -12.625
          }
        ]
      },
      ""seed"": 3389232865019083000,
      ""finish_reason"": ""length"",
      ""message"": {
        ""role"": ""assistant"",
        ""content"": ""buy"",
        ""tool_calls"": []
      }
    }
  ],
  ""prompt"": [],
  ""usage"": {
    ""prompt_tokens"": 495,
    ""completion_tokens"": 1,
    ""total_tokens"": 496,
    ""cached_tokens"": 0
  }
}",buy,6.962304723487946e-06,0.09596708604499847,0.09596012374027499
NOW,buy,0,2,2,"(2, 2)",4,"Refer to the evidence below to make a final investment decision for the given stock.
Stock Ticker: [NOW]
Stock Name: [ServiceNow, Inc.]
--- Evidence ---

1. Internal reports indicate that the company's pilot program for a new generative AI-powered module, aimed at automating complex regulatory compliance reporting for financial services clients, has successfully concluded. Positive feedback from the pilot participants suggests strong demand upon its upcoming commercial release, which could lead to a moderate expansion in average contract value and justify a 5% increase in the stock price.
2. Recently implemented AI-powered cost optimization measures are projected to expand the company's forward non-GAAP operating margin by 50 basis points. Based on consensus revenue forecasts of $10.5 billion, this margin improvement will increase projected net income by $42 million (assuming a 20% effective tax rate). With 205 million shares outstanding, this translates to an additional $0.205 in EPS. Applying the stock's current forward P/E ratio of 60x to this incremental earnings results in a valuation increase of $12.30 per share, implying a 5% upside from the current price of $246.
3. An internal memo leaked late last quarter suggests a significant delay in the rollout of the company's next-generation AI-powered automation platform, codenamed ""Project Infinity."" This delay, attributed to unforeseen integration challenges with a core third-party technology, pushes the anticipated launch back by at least two quarters, potentially impacting near-term sales cycles and contract renewals. This setback in a key growth initiative is expected to cause a slight decline in investor confidence, leading to a potential 5% price decrease.
4. Recent channel checks with value-added resellers in the EMEA region indicate that a major European competitor has launched a new, GDPR-native workflow automation suite. This new offering is gaining early traction by addressing specific regional data sovereignty concerns more effectively than ServiceNow's current platform architecture. The emergence of this strong, localized competitor could modestly slow new customer acquisition in a key international market, creating headwinds that could contribute to a 5% price decrease.
---
You must choose to buy or sell. Do not include ""hold"" as an option. Do not output any other text or explanation. Your response should be exactly one word: buy or sell.
Decision: ","{
  ""id"": ""o31hmdj-zqrih-95ef88b1df8feaa7"",
  ""object"": ""chat.completion"",
  ""created"": 1752480525,
  ""model"": ""deepseek-ai/DeepSeek-V3"",
  ""choices"": [
    {
      ""index"": 0,
      ""logprobs"": {
        ""tokens"": [
          ""buy""
        ],
        ""token_logprobs"": [
          -0.003189087
        ],
        ""token_ids"": [
          56035
        ],
        ""top_logprobs"": [
          {
            ""buy"": -0.003189087,
            ""sell"": -5.75,
            ""Buy"": -12.5,
            ""<\uff5cend\u2581of\u2581sentence\uff5c>"": -14,
            ""["": -15
          }
        ]
      },
      ""seed"": 13175312977464377000,
      ""finish_reason"": ""length"",
      ""message"": {
        ""role"": ""assistant"",
        ""content"": ""buy"",
        ""tool_calls"": []
      }
    }
  ],
  ""prompt"": [],
  ""usage"": {
    ""prompt_tokens"": 471,
    ""completion_tokens"": 1,
    ""total_tokens"": 472,
    ""cached_tokens"": 0
  }
}",buy,3.726653172078671e-06,0.003182780796509667,0.003179054143337588
NOW,buy,0,2,3,"(2, 3)",5,"Refer to the evidence below to make a final investment decision for the given stock.
Stock Ticker: [NOW]
Stock Name: [ServiceNow, Inc.]
--- Evidence ---

1. An evaluation of operating efficiency shows a concerning trend, with Sales & Marketing expenses increasing to 41% of total revenue last quarter, up from a stable 38% in the preceding quarter. This 300 basis point increase in customer acquisition costs without a corresponding acceleration in revenue growth has compressed non-GAAP operating margins by 250 basis points. A discounted cash flow (DCF) model adjusted for this lower long-term margin profile results in a 5% decrease in the intrinsic value per share.
2. Recent channel checks with value-added resellers in the EMEA region indicate that a major European competitor has launched a new, GDPR-native workflow automation suite. This new offering is gaining early traction by addressing specific regional data sovereignty concerns more effectively than ServiceNow's current platform architecture. The emergence of this strong, localized competitor could modestly slow new customer acquisition in a key international market, creating headwinds that could contribute to a 5% price decrease.
3. Analysis of forward-looking revenue indicators reveals that current Remaining Performance Obligations (cRPO) growth decelerated to 22% year-over-year in the most recent quarter, a 400 basis point drop from the 26% growth reported in the prior quarter. This slowdown in future contracted revenue suggests a moderation in sales momentum, which, when applied to forward valuation models using a discounted Price-to-Sales multiple adjusted from 12.0x to 11.4x, points to a potential 5% decrease in the stock's target price.
4. Recently implemented AI-powered cost optimization measures are projected to expand the company's forward non-GAAP operating margin by 50 basis points. Based on consensus revenue forecasts of $10.5 billion, this margin improvement will increase projected net income by $42 million (assuming a 20% effective tax rate). With 205 million shares outstanding, this translates to an additional $0.205 in EPS. Applying the stock's current forward P/E ratio of 60x to this incremental earnings results in a valuation increase of $12.30 per share, implying a 5% upside from the current price of $246.
5. Analysis of recent enterprise client acquisitions indicates the addition of three major Fortune 100 clients, contributing a combined $500 million in new Annual Recurring Revenue (ARR). Applying the company's current forward Price-to-Sales (P/S) multiple of 15x to this new, high-margin revenue stream implies a $7.5 billion addition to market capitalization. Relative to the current market cap of $150 billion, this ARR expansion directly supports a 5% increase in the stock price.
---
You must choose to buy or sell. Do not include ""hold"" as an option. Do not output any other text or explanation. Your response should be exactly one word: buy or sell.
Decision: ","{
  ""id"": ""o31hknz-zqrih-95ef88a0082530da"",
  ""object"": ""chat.completion"",
  ""created"": 1752480522,
  ""model"": ""deepseek-ai/DeepSeek-V3"",
  ""choices"": [
    {
      ""index"": 0,
      ""logprobs"": {
        ""tokens"": [
          ""buy""
        ],
        ""token_logprobs"": [
          -0.038085938
        ],
        ""token_ids"": [
          56035
        ],
        ""top_logprobs"": [
          {
            ""buy"": -0.038085938,
            ""sell"": -3.28125,
            ""Buy"": -10.3125,
            ""S"": -11.8125,
            ""bu"": -13.0625
          }
        ]
      },
      ""seed"": 3798213920792239600,
      ""finish_reason"": ""length"",
      ""message"": {
        ""role"": ""assistant"",
        ""content"": ""buy"",
        ""tool_calls"": []
      }
    }
  ],
  ""prompt"": [],
  ""usage"": {
    ""prompt_tokens"": 616,
    ""completion_tokens"": 1,
    ""total_tokens"": 617,
    ""cached_tokens"": 0
  }
}",buy,3.3215298167313715e-05,0.037581250870997916,0.0375480355728306
NVDA,buy,0,2,2,"(2, 2)",4,"Refer to the evidence below to make a final investment decision for the given stock.
Stock Ticker: [NVDA]
Stock Name: [NVIDIA Corporation]
--- Evidence ---

1. An internal project review from last quarter revealed a critical bottleneck in the supply of next-generation HBM4 memory modules, essential for the upcoming 'Rubin' GPU architecture. This supply constraint is projected to limit initial production volumes, potentially delaying the full-scale revenue ramp by two quarters and leading to a modest 5% decrease in the stock price as forward-looking growth estimates are trimmed.
2. Our analysis of supply chain data indicates NVIDIA's Data Center segment revenue for the current quarter is tracking at $19.4 billion, 4.8% above the consensus estimate of $18.5 billion. This outperformance, driven by a 6% quarter-over-quarter increase in high-margin H100 shipments, is expected to expand the company's overall gross margin by 70 basis points, leading to a revised forward P/E ratio that supports a 5% increase in the stock's valuation.
3. Industry sources suggest NVIDIA is in advanced talks to acquire ""SynthAI,"" a private software firm specializing in generative AI optimization for the industrial and manufacturing sectors. This strategic acquisition would integrate specialized software directly into the CUDA platform, potentially accelerating enterprise AI adoption and creating new revenue streams, a factor that could justify a 5% price increase.
4. Our analysis of supply chain data reveals a 22% quarter-over-quarter increase in Gaming segment channel inventory, pushing Days Sales of Inventory (DSI) from 84 to 102. This build-up signals weakening end-user demand and suggests a potential 4% reduction in forward revenue for the segment due to future promotional pricing. Adjusting our sum-of-the-parts valuation for this lower growth outlook results in a 5% decrease in our overall price target.
---
You must choose to buy or sell. Do not include ""hold"" as an option. Do not output any other text or explanation. Your response should be exactly one word: buy or sell.
Decision: ","{
  ""id"": ""o31hmmq-zqrih-95ef88b4c90fe9fd"",
  ""object"": ""chat.completion"",
  ""created"": 1752480525,
  ""model"": ""deepseek-ai/DeepSeek-V3"",
  ""choices"": [
    {
      ""index"": 0,
      ""logprobs"": {
        ""tokens"": [
          ""buy""
        ],
        ""token_logprobs"": [
          -3.170967e-05
        ],
        ""token_ids"": [
          56035
        ],
        ""top_logprobs"": [
          {
            ""buy"": -3.170967e-05,
            ""sell"": -10.75,
            ""Buy"": -12.25,
            ""<\uff5cend\u2581of\u2581sentence\uff5c>"": -13.25,
            ""**"": -14
          }
        ]
      },
      ""seed"": 11928510691828662000,
      ""finish_reason"": ""length"",
      ""message"": {
        ""role"": ""assistant"",
        ""content"": ""buy"",
        ""tool_calls"": []
      }
    }
  ],
  ""prompt"": [],
  ""usage"": {
    ""prompt_tokens"": 427,
    ""completion_tokens"": 1,
    ""total_tokens"": 428,
    ""cached_tokens"": 0
  }
}",buy,4.785117392129009e-06,2.1445408316589164e-05,1.6660290924460154e-05
NVDA,buy,0,2,3,"(2, 3)",5,"Refer to the evidence below to make a final investment decision for the given stock.
Stock Ticker: [NVDA]
Stock Name: [NVIDIA Corporation]
--- Evidence ---

1. Our analysis of supply chain data reveals a 22% quarter-over-quarter increase in Gaming segment channel inventory, pushing Days Sales of Inventory (DSI) from 84 to 102. This build-up signals weakening end-user demand and suggests a potential 4% reduction in forward revenue for the segment due to future promotional pricing. Adjusting our sum-of-the-parts valuation for this lower growth outlook results in a 5% decrease in our overall price target.
2. Recent discussions with a major European automotive partner indicate the partner is shelving its 'Level 5' autonomous driving research program, for which NVIDIA's DRIVE platform was the core component. The decision to refocus on more immediate advanced driver-assistance systems (ADAS) will likely result in the cancellation of a significant multi-year development and hardware contract, a factor that could cause a slight 5% decrease in the stock price due to reduced automotive segment forecasts.
3. An internal project review from last quarter revealed a critical bottleneck in the supply of next-generation HBM4 memory modules, essential for the upcoming 'Rubin' GPU architecture. This supply constraint is projected to limit initial production volumes, potentially delaying the full-scale revenue ramp by two quarters and leading to a modest 5% decrease in the stock price as forward-looking growth estimates are trimmed.
4. A newly secured, multi-year contract for NVIDIA's DRIVE Thor platform with a major automotive OEM is projected to add an incremental $1.5 billion in annual recurring revenue beginning in two fiscal years. When incorporated into our discounted cash flow (DCF) model using a 9.5% WACC, the present value of this new revenue stream adds $68 billion to the company's enterprise value, justifying an immediate 5% increase in the stock price.
5. Our analysis of supply chain data indicates NVIDIA's Data Center segment revenue for the current quarter is tracking at $19.4 billion, 4.8% above the consensus estimate of $18.5 billion. This outperformance, driven by a 6% quarter-over-quarter increase in high-margin H100 shipments, is expected to expand the company's overall gross margin by 70 basis points, leading to a revised forward P/E ratio that supports a 5% increase in the stock's valuation.
---
You must choose to buy or sell. Do not include ""hold"" as an option. Do not output any other text or explanation. Your response should be exactly one word: buy or sell.
Decision: ","{
  ""id"": ""o31hnsK-zqrih-95ef88cbada332a6"",
  ""object"": ""chat.completion"",
  ""created"": 1752480529,
  ""model"": ""deepseek-ai/DeepSeek-V3"",
  ""choices"": [
    {
      ""index"": 0,
      ""logprobs"": {
        ""tokens"": [
          ""buy""
        ],
        ""token_logprobs"": [
          -2.2411346e-05
        ],
        ""token_ids"": [
          56035
        ],
        ""top_logprobs"": [
          {
            ""buy"": -2.2411346e-05,
            ""sell"": -11.25,
            ""Buy"": -12.5,
            ""Decision"": -13.5,
            ""<\uff5cend\u2581of\u2581sentence\uff5c>"": -13.5
          }
        ]
      },
      ""seed"": 12115041947044362000,
      ""finish_reason"": ""length"",
      ""message"": {
        ""role"": ""assistant"",
        ""content"": ""buy"",
        ""tool_calls"": []
      }
    }
  ],
  ""prompt"": [],
  ""usage"": {
    ""prompt_tokens"": 546,
    ""completion_tokens"": 1,
    ""total_tokens"": 547,
    ""cached_tokens"": 0
  }
}",buy,3.726653172078671e-06,1.300729765406762e-05,9.28064448198895e-06
QCOM,buy,0,2,2,"(2, 2)",4,"Refer to the evidence below to make a final investment decision for the given stock.
Stock Ticker: [QCOM]
Stock Name: [QUALCOMM Incorporated]
--- Evidence ---

1. Recent supply chain channel checks suggest that QUALCOMM has achieved an unexpected technological breakthrough in its 5G RF front-end (RFFE) modules. This new proprietary architecture reportedly offers a substantial improvement in power efficiency and a smaller footprint, leading to early adoption commitments from two key Android smartphone manufacturers for their flagship models next year. The market's anticipation of strengthened market share and improved royalty rates from this innovation could fuel a modest re-rating of the stock, potentially leading to a 5% price increase.
2. A discounted cash flow (DCF) model adjustment, reflecting QCOM's accelerated penetration into the automotive sector, increases our long-term revenue growth forecast for that segment by 200 basis points. This revision boosts projected free cash flow by an average of $950 million annually over the forecast period, raising the calculated intrinsic value per share by 5%, assuming a constant weighted average cost of capital (WACC) of 8.0%.
3. An internal memo reviewed last week indicates that a critical flaw was discovered in the manufacturing process for a new generation of 5G modem chips intended for a major smartphone client. The rectification process is expected to delay shipments by two quarters, potentially leading to contractual penalties and a loss of market share to a key competitor during a crucial upgrade cycle. This operational setback is anticipated to cause a slight revision of near-term revenue guidance, which could result in a 5% price decrease.
4. The company's strategic R&D initiative focused on developing proprietary silicon for next-generation satellite-to-cellular communication has reportedly been shelved following disappointing results in its final testing phase. This project was a cornerstone of the company's long-term growth narrative beyond the smartphone market. The cancellation removes a significant potential catalyst, likely prompting analysts to revise their long-term valuation models, which could contribute to a 5% price decrease.
---
You must choose to buy or sell. Do not include ""hold"" as an option. Do not output any other text or explanation. Your response should be exactly one word: buy or sell.
Decision: ","{
  ""id"": ""o31hmP9-zqrih-95ef88ac9c0bea18"",
  ""object"": ""chat.completion"",
  ""created"": 1752480524,
  ""model"": ""deepseek-ai/DeepSeek-V3"",
  ""choices"": [
    {
      ""index"": 0,
      ""logprobs"": {
        ""tokens"": [
          ""buy""
        ],
        ""token_logprobs"": [
          -0.018188477
        ],
        ""token_ids"": [
          56035
        ],
        ""top_logprobs"": [
          {
            ""buy"": -0.018188477,
            ""sell"": -4.03125,
            ""Buy"": -11.5,
            ""["": -12.5,
            ""[b"": -13
          }
        ]
      },
      ""seed"": 15571807168663351000,
      ""finish_reason"": ""length"",
      ""message"": {
        ""role"": ""assistant"",
        ""content"": ""buy"",
        ""tool_calls"": []
      }
    }
  ],
  ""prompt"": [],
  ""usage"": {
    ""prompt_tokens"": 455,
    ""completion_tokens"": 1,
    ""total_tokens"": 456,
    ""cached_tokens"": 0
  }
}",buy,1.013009359863071e-05,0.01775212592162854,0.017741995828029912
QCOM,buy,0,2,3,"(2, 3)",5,"Refer to the evidence below to make a final investment decision for the given stock.
Stock Ticker: [QCOM]
Stock Name: [QUALCOMM Incorporated]
--- Evidence ---

1. Our analysis of QCOM's supply chain indicates that recent design wins in the premium Android handset market will lead to a 150 basis point increase in the QCT segment's operating margin over the next four quarters. This margin expansion is projected to add $0.55 to the next twelve months' (NTM) EPS, which, when capitalized at the stock's current NTM P/E ratio of 21x, directly supports a 5% increase in the stock price.
2. An internal memo leaked last quarter revealed that QUALCOMM has secured a strategic design win with a major European automotive manufacturer. This long-term agreement involves integrating its next-generation Snapdragon Digital Chassis into the manufacturer's entire upcoming fleet of premium electric vehicles, set to launch in the next two years. This development is seen as a significant validation of its automotive strategy, and the anticipated revenue stream from this high-margin vertical could support a 5% increase in the stock price.
3. An internal memo reviewed last week indicates that a critical flaw was discovered in the manufacturing process for a new generation of 5G modem chips intended for a major smartphone client. The rectification process is expected to delay shipments by two quarters, potentially leading to contractual penalties and a loss of market share to a key competitor during a crucial upgrade cycle. This operational setback is anticipated to cause a slight revision of near-term revenue guidance, which could result in a 5% price decrease.
4. Supply chain data reveals that increased competition in the premium Android System-on-Chip (SoC) market has forced a 12% price reduction on the next-generation Snapdragon chipset to secure design wins. This pricing pressure is expected to compress the Qualcomm CDMA Technologies (QCT) division's gross margin by 200 basis points in the upcoming fiscal year. A DCF analysis incorporating this sustained margin erosion results in a lower terminal value, justifying a potential 5% decrease in the stock price.
5. Analysis of recent patent licensing renewals within the Qualcomm Technology Licensing (QTL) division indicates a 60 basis point reduction in the effective royalty rate for a key smartphone manufacturer, which accounts for 22% of total licensed handset volume. This lower rate is projected to reduce forward high-margin licensing revenue by $500 million annually, causing our earnings model to revise next year's EPS estimate downward by 4.8%, which supports a potential 5% decrease in the stock price.
---
You must choose to buy or sell. Do not include ""hold"" as an option. Do not output any other text or explanation. Your response should be exactly one word: buy or sell.
Decision: ","{
  ""id"": ""o31hmAx-28Eivz-95ef88a69fe5c062"",
  ""object"": ""chat.completion"",
  ""created"": 1752480523,
  ""model"": ""deepseek-ai/DeepSeek-V3"",
  ""choices"": [
    {
      ""index"": 0,
      ""logprobs"": {
        ""tokens"": [
          ""sell""
        ],
        ""token_logprobs"": [
          -0.47460938
        ],
        ""token_ids"": [
          121101
        ],
        ""top_logprobs"": [
          {
            ""sell"": -0.47460938,
            ""buy"": -0.97265625,
            ""S"": -10.75,
            ""Buy"": -11.5,
            ""Decision"": -12.75
          }
        ]
      },
      ""seed"": 3007550621938870300,
      ""finish_reason"": ""length"",
      ""message"": {
        ""role"": ""assistant"",
        ""content"": ""sell"",
        ""tool_calls"": []
      }
    }
  ],
  ""prompt"": [],
  ""usage"": {
    ""prompt_tokens"": 580,
    ""completion_tokens"": 1,
    ""total_tokens"": 581,
    ""cached_tokens"": 0
  }
}",sell,1.013009359863071e-05,0.6221280246568045,0.6221178945632059
