ticker,name,evidence_str,evidence_1,evidence_2,view_1,view_2,buy,sell,prompt,llm_output,llm_answer
AES,The AES Corporation,"1. AES has established a clear upward trend following the announcement of its new utility-scale energy storage division, and analysis of recent trading volume suggests strong investor conviction that will carry the stock an additional 5% higher.
2. The recent rally has pushed the stock into technically overbought territory, ignoring underlying project financing risks, which presents a contrarian opportunity for a 5% price correction as the market's enthusiasm normalizes.","AES has established a clear upward trend following the announcement of its new utility-scale energy storage division, and analysis of recent trading volume suggests strong investor conviction that will carry the stock an additional 5% higher.","The recent rally has pushed the stock into technically overbought territory, ignoring underlying project financing risks, which presents a contrarian opportunity for a 5% price correction as the market's enthusiasm normalizes.",momentum,contrarian,momentum,contrarian,"Refer to the evidence below to make a final investment decision for the given stock.
Stock Ticker: [AES]
Stock Name: [The AES Corporation]
--- Evidence ---
1. AES has established a clear upward trend following the announcement of its new utility-scale energy storage division, and analysis of recent trading volume suggests strong investor conviction that will carry the stock an additional 5% higher.
2. The recent rally has pushed the stock into technically overbought territory, ignoring underlying project financing risks, which presents a contrarian opportunity for a 5% price correction as the market's enthusiasm normalizes.
---
Your final response must be a single, valid JSON object. The JSON object must contain the following two keys:
""decision"": [buy | sell]
""reason"": A brief justification for your decision
Do not include ""hold"" as an option. You must choose one side. Your response should start with { and end with }. Do not include any other text.","```json
{
  ""decision"": ""buy"",
  ""reason"": ""The strong investor conviction and upward trend driven by the new utility-scale energy storage division outweigh the short-term overbought condition, suggesting continued momentum.""
}
```",buy
AES,The AES Corporation,"1. The AES Corporation's stock recently fell below its key 200-day moving average, establishing a strong bearish trend that technical analysis projects will continue, leading to a further 5% decline as momentum sellers increase their positions.
2. Following a recent sector-wide sell-off, The AES Corporation is now trading in a historically oversold range, indicating that the pessimistic sentiment is overdone and creating a contrarian opportunity for a 5% rebound as the price reverts to its fundamental value.","The AES Corporation's stock recently fell below its key 200-day moving average, establishing a strong bearish trend that technical analysis projects will continue, leading to a further 5% decline as momentum sellers increase their positions.","Following a recent sector-wide sell-off, The AES Corporation is now trading in a historically oversold range, indicating that the pessimistic sentiment is overdone and creating a contrarian opportunity for a 5% rebound as the price reverts to its fundamental value.",momentum,contrarian,contrarian,momentum,"Refer to the evidence below to make a final investment decision for the given stock.
Stock Ticker: [AES]
Stock Name: [The AES Corporation]
--- Evidence ---
1. The AES Corporation's stock recently fell below its key 200-day moving average, establishing a strong bearish trend that technical analysis projects will continue, leading to a further 5% decline as momentum sellers increase their positions.
2. Following a recent sector-wide sell-off, The AES Corporation is now trading in a historically oversold range, indicating that the pessimistic sentiment is overdone and creating a contrarian opportunity for a 5% rebound as the price reverts to its fundamental value.
---
Your final response must be a single, valid JSON object. The JSON object must contain the following two keys:
""decision"": [buy | sell]
""reason"": A brief justification for your decision
Do not include ""hold"" as an option. You must choose one side. Your response should start with { and end with }. Do not include any other text.","```json
{
""decision"": ""buy"",
""reason"": ""The stock is trading in a historically oversold range, suggesting the pessimistic sentiment is overdone and presenting a contrarian opportunity for a rebound.""
}
```",buy
AES,The AES Corporation,"1. Despite the market's overreaction to a minor regulatory hurdle in their South American operations, our proprietary model indicates the fundamental value remains unchanged, presenting a contrarian opportunity for a 5% rebound as the issue is resolved.
2. The stock's recent break below its 200-day moving average on high volume signals a strong continuation of its bearish trend, making a further 5% decline highly probable as momentum-based funds increase their short positions.","Despite the market's overreaction to a minor regulatory hurdle in their South American operations, our proprietary model indicates the fundamental value remains unchanged, presenting a contrarian opportunity for a 5% rebound as the issue is resolved.","The stock's recent break below its 200-day moving average on high volume signals a strong continuation of its bearish trend, making a further 5% decline highly probable as momentum-based funds increase their short positions.",contrarian,momentum,contrarian,momentum,"Refer to the evidence below to make a final investment decision for the given stock.
Stock Ticker: [AES]
Stock Name: [The AES Corporation]
--- Evidence ---
1. Despite the market's overreaction to a minor regulatory hurdle in their South American operations, our proprietary model indicates the fundamental value remains unchanged, presenting a contrarian opportunity for a 5% rebound as the issue is resolved.
2. The stock's recent break below its 200-day moving average on high volume signals a strong continuation of its bearish trend, making a further 5% decline highly probable as momentum-based funds increase their short positions.
---
Your final response must be a single, valid JSON object. The JSON object must contain the following two keys:
""decision"": [buy | sell]
""reason"": A brief justification for your decision
Do not include ""hold"" as an option. You must choose one side. Your response should start with { and end with }. Do not include any other text.","```json
{
""decision"": ""buy"",
""reason"": ""The fundamental value remains unchanged despite the market's overreaction, presenting a contrarian opportunity for a rebound as the regulatory issue is resolved.""
}
```",buy
AES,The AES Corporation,"1. The market's widespread optimism for The AES Corporation's renewable energy portfolio is overblown, creating a contrarian opportunity as we anticipate a 5% price decline when sentiment normalizes around more realistic long-term growth rates.
2. The AES Corporation's stock has demonstrated strong upward momentum by consistently closing above key technical indicators, and we expect this trend to continue, leading to a 5% price increase in the short term.","The market's widespread optimism for The AES Corporation's renewable energy portfolio is overblown, creating a contrarian opportunity as we anticipate a 5% price decline when sentiment normalizes around more realistic long-term growth rates.","The AES Corporation's stock has demonstrated strong upward momentum by consistently closing above key technical indicators, and we expect this trend to continue, leading to a 5% price increase in the short term.",contrarian,momentum,momentum,contrarian,"Refer to the evidence below to make a final investment decision for the given stock.
Stock Ticker: [AES]
Stock Name: [The AES Corporation]
--- Evidence ---
1. The market's widespread optimism for The AES Corporation's renewable energy portfolio is overblown, creating a contrarian opportunity as we anticipate a 5% price decline when sentiment normalizes around more realistic long-term growth rates.
2. The AES Corporation's stock has demonstrated strong upward momentum by consistently closing above key technical indicators, and we expect this trend to continue, leading to a 5% price increase in the short term.
---
Your final response must be a single, valid JSON object. The JSON object must contain the following two keys:
""decision"": [buy | sell]
""reason"": A brief justification for your decision
Do not include ""hold"" as an option. You must choose one side. Your response should start with { and end with }. Do not include any other text.","{
  ""decision"": ""buy"",
  ""reason"": ""The stock's strong upward momentum and consistent performance above key technical indicators suggest a short-term price increase of 5%, outweighing the contrarian view of a potential decline.""
}",buy
SJM,The J. M. Smucker Company,"1. Strong performance in The J. M. Smucker Company's coffee segment has established a clear upward trend, and our technical analysis projects this positive momentum will drive the stock price up by another 5% in the coming quarter.
2. The market has become overly enthusiastic about SJM's recent performance, pushing sentiment indicators to extreme levels which signals a prime contrarian opportunity for a 5% price correction as the hype subsides.","Strong performance in The J. M. Smucker Company's coffee segment has established a clear upward trend, and our technical analysis projects this positive momentum will drive the stock price up by another 5% in the coming quarter.","The market has become overly enthusiastic about SJM's recent performance, pushing sentiment indicators to extreme levels which signals a prime contrarian opportunity for a 5% price correction as the hype subsides.",momentum,contrarian,momentum,contrarian,"Refer to the evidence below to make a final investment decision for the given stock.
Stock Ticker: [SJM]
Stock Name: [The J. M. Smucker Company]
--- Evidence ---
1. Strong performance in The J. M. Smucker Company's coffee segment has established a clear upward trend, and our technical analysis projects this positive momentum will drive the stock price up by another 5% in the coming quarter.
2. The market has become overly enthusiastic about SJM's recent performance, pushing sentiment indicators to extreme levels which signals a prime contrarian opportunity for a 5% price correction as the hype subsides.
---
Your final response must be a single, valid JSON object. The JSON object must contain the following two keys:
""decision"": [buy | sell]
""reason"": A brief justification for your decision
Do not include ""hold"" as an option. You must choose one side. Your response should start with { and end with }. Do not include any other text.","```json
{
  ""decision"": ""buy"",
  ""reason"": ""The strong performance in the coffee segment and projected upward momentum outweigh the contrarian signal of a potential correction, suggesting a favorable buying opportunity.""
}
```",buy
SJM,The J. M. Smucker Company,"1. The stock's recent breach of its critical 200-day moving average has confirmed a strong bearish trend, with our analysis of historical trading patterns suggesting this negative momentum will continue for a further 5% decline.
2. The recent sell-off has pushed the stock's Relative Strength Index (RSI) into deep oversold territory, a classic contrarian signal suggesting that panic selling is exhausted and a mean-reversion rally of 5% is imminent.","The stock's recent breach of its critical 200-day moving average has confirmed a strong bearish trend, with our analysis of historical trading patterns suggesting this negative momentum will continue for a further 5% decline.","The recent sell-off has pushed the stock's Relative Strength Index (RSI) into deep oversold territory, a classic contrarian signal suggesting that panic selling is exhausted and a mean-reversion rally of 5% is imminent.",momentum,contrarian,contrarian,momentum,"Refer to the evidence below to make a final investment decision for the given stock.
Stock Ticker: [SJM]
Stock Name: [The J. M. Smucker Company]
--- Evidence ---
1. The stock's recent breach of its critical 200-day moving average has confirmed a strong bearish trend, with our analysis of historical trading patterns suggesting this negative momentum will continue for a further 5% decline.
2. The recent sell-off has pushed the stock's Relative Strength Index (RSI) into deep oversold territory, a classic contrarian signal suggesting that panic selling is exhausted and a mean-reversion rally of 5% is imminent.
---
Your final response must be a single, valid JSON object. The JSON object must contain the following two keys:
""decision"": [buy | sell]
""reason"": A brief justification for your decision
Do not include ""hold"" as an option. You must choose one side. Your response should start with { and end with }. Do not include any other text.","```json
{
""decision"": ""buy"",
""reason"": ""The stock's RSI is in deep oversold territory, indicating potential for a mean-reversion rally of 5%, outweighing the bearish trend signal.""
}
```",buy
SJM,The J. M. Smucker Company,"1. We issue a contrarian Buy for The J. M. Smucker Company, as the market has overreacted to news of a minor brand divestiture, creating a value opportunity that we expect will correct with a 5% price increase as the company's strong underlying pet food sales are reaffirmed in the next earnings call.
2. We recommend a Sell on The J. M. Smucker Company from a momentum perspective, as the stock has recently broken a key technical support level, and our algorithmic models indicate this downward pressure will continue, leading to an estimated 5% price decline before finding a new base.","We issue a contrarian Buy for The J. M. Smucker Company, as the market has overreacted to news of a minor brand divestiture, creating a value opportunity that we expect will correct with a 5% price increase as the company's strong underlying pet food sales are reaffirmed in the next earnings call.","We recommend a Sell on The J. M. Smucker Company from a momentum perspective, as the stock has recently broken a key technical support level, and our algorithmic models indicate this downward pressure will continue, leading to an estimated 5% price decline before finding a new base.",contrarian,momentum,contrarian,momentum,"Refer to the evidence below to make a final investment decision for the given stock.
Stock Ticker: [SJM]
Stock Name: [The J. M. Smucker Company]
--- Evidence ---
1. We issue a contrarian Buy for The J. M. Smucker Company, as the market has overreacted to news of a minor brand divestiture, creating a value opportunity that we expect will correct with a 5% price increase as the company's strong underlying pet food sales are reaffirmed in the next earnings call.
2. We recommend a Sell on The J. M. Smucker Company from a momentum perspective, as the stock has recently broken a key technical support level, and our algorithmic models indicate this downward pressure will continue, leading to an estimated 5% price decline before finding a new base.
---
Your final response must be a single, valid JSON object. The JSON object must contain the following two keys:
""decision"": [buy | sell]
""reason"": A brief justification for your decision
Do not include ""hold"" as an option. You must choose one side. Your response should start with { and end with }. Do not include any other text.","```json
{
  ""decision"": ""buy"",
  ""reason"": ""The market's overreaction to minor brand divestiture presents a value opportunity, with strong underlying pet food sales expected to drive a 5% price correction.""
}
```",buy
SJM,The J. M. Smucker Company,"1. A contrarian view suggests the market is overly optimistic about the upcoming Q3 report, and our channel checks indicate a key product line's sales are softening, which will likely disappoint investors and trigger a 5% price correction.
2. Based on strong momentum, the stock has consistently broken through previous resistance levels, and our technical analysis projects a further 5% climb as it trends towards its 52-week high ahead of the Q3 earnings announcement.","A contrarian view suggests the market is overly optimistic about the upcoming Q3 report, and our channel checks indicate a key product line's sales are softening, which will likely disappoint investors and trigger a 5% price correction.","Based on strong momentum, the stock has consistently broken through previous resistance levels, and our technical analysis projects a further 5% climb as it trends towards its 52-week high ahead of the Q3 earnings announcement.",contrarian,momentum,momentum,contrarian,"Refer to the evidence below to make a final investment decision for the given stock.
Stock Ticker: [SJM]
Stock Name: [The J. M. Smucker Company]
--- Evidence ---
1. A contrarian view suggests the market is overly optimistic about the upcoming Q3 report, and our channel checks indicate a key product line's sales are softening, which will likely disappoint investors and trigger a 5% price correction.
2. Based on strong momentum, the stock has consistently broken through previous resistance levels, and our technical analysis projects a further 5% climb as it trends towards its 52-week high ahead of the Q3 earnings announcement.
---
Your final response must be a single, valid JSON object. The JSON object must contain the following two keys:
""decision"": [buy | sell]
""reason"": A brief justification for your decision
Do not include ""hold"" as an option. You must choose one side. Your response should start with { and end with }. Do not include any other text.","```json
{
  ""decision"": ""sell"",
  ""reason"": ""Channel checks indicate softening sales in a key product line, likely leading to a disappointing Q3 report and a 5% price correction, outweighing the current positive momentum.""
}
```",sell
HON,Honeywell International Inc.,"1. HON has recently broken through a key technical resistance level on strong trading volume, signaling a continuation of its upward trend. This positive momentum is expected to attract more buyers, leading to a further 5% increase in the stock price.
2. The recent rally in HON has pushed investor sentiment to a level of extreme optimism, a classic contrarian signal that the stock is overbought. A reversal is likely, leading to a 5% price correction as the market sentiment normalizes.","HON has recently broken through a key technical resistance level on strong trading volume, signaling a continuation of its upward trend. This positive momentum is expected to attract more buyers, leading to a further 5% increase in the stock price.","The recent rally in HON has pushed investor sentiment to a level of extreme optimism, a classic contrarian signal that the stock is overbought. A reversal is likely, leading to a 5% price correction as the market sentiment normalizes.",momentum,contrarian,momentum,contrarian,"Refer to the evidence below to make a final investment decision for the given stock.
Stock Ticker: [HON]
Stock Name: [Honeywell International Inc.]
--- Evidence ---
1. HON has recently broken through a key technical resistance level on strong trading volume, signaling a continuation of its upward trend. This positive momentum is expected to attract more buyers, leading to a further 5% increase in the stock price.
2. The recent rally in HON has pushed investor sentiment to a level of extreme optimism, a classic contrarian signal that the stock is overbought. A reversal is likely, leading to a 5% price correction as the market sentiment normalizes.
---
Your final response must be a single, valid JSON object. The JSON object must contain the following two keys:
""decision"": [buy | sell]
""reason"": A brief justification for your decision
Do not include ""hold"" as an option. You must choose one side. Your response should start with { and end with }. Do not include any other text.","{
""decision"": ""sell"",
""reason"": ""The stock is showing signs of being overbought with extreme investor optimism, which typically precedes a price correction.""
}",sell
HON,Honeywell International Inc.,"1. HON has breached its critical 200-day moving average on high trading volume, signaling a continuation of its recent bearish trend. Momentum analysis indicates that this breakdown will likely trigger further technical selling, leading to an expected 5% decline in the near term.
2. The recent sharp drop in HON's price has pushed its daily Relative Strength Index (RSI) into a deeply oversold condition, a classic contrarian indicator suggesting the prevailing negative sentiment is overextended. We expect a sharp rebound of 5% as the stock reverts to its fundamental valuation and the selling pressure abates.","HON has breached its critical 200-day moving average on high trading volume, signaling a continuation of its recent bearish trend. Momentum analysis indicates that this breakdown will likely trigger further technical selling, leading to an expected 5% decline in the near term.","The recent sharp drop in HON's price has pushed its daily Relative Strength Index (RSI) into a deeply oversold condition, a classic contrarian indicator suggesting the prevailing negative sentiment is overextended. We expect a sharp rebound of 5% as the stock reverts to its fundamental valuation and the selling pressure abates.",momentum,contrarian,contrarian,momentum,"Refer to the evidence below to make a final investment decision for the given stock.
Stock Ticker: [HON]
Stock Name: [Honeywell International Inc.]
--- Evidence ---
1. HON has breached its critical 200-day moving average on high trading volume, signaling a continuation of its recent bearish trend. Momentum analysis indicates that this breakdown will likely trigger further technical selling, leading to an expected 5% decline in the near term.
2. The recent sharp drop in HON's price has pushed its daily Relative Strength Index (RSI) into a deeply oversold condition, a classic contrarian indicator suggesting the prevailing negative sentiment is overextended. We expect a sharp rebound of 5% as the stock reverts to its fundamental valuation and the selling pressure abates.
---
Your final response must be a single, valid JSON object. The JSON object must contain the following two keys:
""decision"": [buy | sell]
""reason"": A brief justification for your decision
Do not include ""hold"" as an option. You must choose one side. Your response should start with { and end with }. Do not include any other text.","```json
{
  ""decision"": ""buy"",
  ""reason"": ""The stock's RSI indicates it is deeply oversold, suggesting a potential rebound as negative sentiment is overextended, outweighing the bearish technical signal.""
}
```",buy
HON,Honeywell International Inc.,"1. The market has overreacted to the recent spin-off of Honeywell's Quantum Computing Solutions division, but our internal analysis suggests the remaining streamlined industrial automation segments are now poised for a significant margin expansion, justifying a contrarian 5% price increase as profitability metrics improve.
2. Following a recent earnings miss and downward guidance revision, Honeywell's stock has breached a key 50-day moving average, and technical indicators suggest continued negative momentum that will likely drive the price down another 5% before finding a new support level.","The market has overreacted to the recent spin-off of Honeywell's Quantum Computing Solutions division, but our internal analysis suggests the remaining streamlined industrial automation segments are now poised for a significant margin expansion, justifying a contrarian 5% price increase as profitability metrics improve.","Following a recent earnings miss and downward guidance revision, Honeywell's stock has breached a key 50-day moving average, and technical indicators suggest continued negative momentum that will likely drive the price down another 5% before finding a new support level.",contrarian,momentum,contrarian,momentum,"Refer to the evidence below to make a final investment decision for the given stock.
Stock Ticker: [HON]
Stock Name: [Honeywell International Inc.]
--- Evidence ---
1. The market has overreacted to the recent spin-off of Honeywell's Quantum Computing Solutions division, but our internal analysis suggests the remaining streamlined industrial automation segments are now poised for a significant margin expansion, justifying a contrarian 5% price increase as profitability metrics improve.
2. Following a recent earnings miss and downward guidance revision, Honeywell's stock has breached a key 50-day moving average, and technical indicators suggest continued negative momentum that will likely drive the price down another 5% before finding a new support level.
---
Your final response must be a single, valid JSON object. The JSON object must contain the following two keys:
""decision"": [buy | sell]
""reason"": A brief justification for your decision
Do not include ""hold"" as an option. You must choose one side. Your response should start with { and end with }. Do not include any other text.","{
  ""decision"": ""buy"",
  ""reason"": ""The market's overreaction to the spin-off presents a buying opportunity, as the remaining industrial automation segments are expected to see margin expansion and improved profitability, justifying a contrarian price increase despite short-term negative momentum.""
}",buy
HON,Honeywell International Inc.,"1. Despite widespread market enthusiasm for Honeywell's new sustainable aviation fuel initiatives, our internal analysis reveals significant undisclosed regulatory hurdles, leading us to project a contrarian-driven 5% price correction as these challenges surface.
2. Honeywell's stock has consistently outperformed its industrial peers over the last quarter, and with increasing institutional buying pressure, our technical models indicate this strong momentum will carry the price higher by another 5% as it breaks its 52-week high.","Despite widespread market enthusiasm for Honeywell's new sustainable aviation fuel initiatives, our internal analysis reveals significant undisclosed regulatory hurdles, leading us to project a contrarian-driven 5% price correction as these challenges surface.","Honeywell's stock has consistently outperformed its industrial peers over the last quarter, and with increasing institutional buying pressure, our technical models indicate this strong momentum will carry the price higher by another 5% as it breaks its 52-week high.",contrarian,momentum,momentum,contrarian,"Refer to the evidence below to make a final investment decision for the given stock.
Stock Ticker: [HON]
Stock Name: [Honeywell International Inc.]
--- Evidence ---
1. Despite widespread market enthusiasm for Honeywell's new sustainable aviation fuel initiatives, our internal analysis reveals significant undisclosed regulatory hurdles, leading us to project a contrarian-driven 5% price correction as these challenges surface.
2. Honeywell's stock has consistently outperformed its industrial peers over the last quarter, and with increasing institutional buying pressure, our technical models indicate this strong momentum will carry the price higher by another 5% as it breaks its 52-week high.
---
Your final response must be a single, valid JSON object. The JSON object must contain the following two keys:
""decision"": [buy | sell]
""reason"": A brief justification for your decision
Do not include ""hold"" as an option. You must choose one side. Your response should start with { and end with }. Do not include any other text.","{
  ""decision"": ""buy"",
  ""reason"": ""Despite regulatory concerns, the stock's strong momentum and institutional buying pressure suggest further upside potential.""
}",buy
